Tweet Id,Tweet URL,Tweet Posted Time (UTC),Tweet Content,Tweet Type,Client,Retweets Received,Favourites Received,Tweet Location,Tweet Language,User Id,Name,Screen Name,User Bio,Verified or Non-Verified,Profile URL,Protected or Non-protected,User Followers,User Following,Favourites Count,Statuses Count,User Account Creation Date,cleaned tweet,Label
"""1356017986029686785""",https://twitter.com/mhmmdalmutairi/status/1356017986029686785,31 Jan 2021 23:14:16,"@ahmed هلا احمد ، توني تعرفت على @riyadhbureau من الجلسة الحلوة في كلوب هاوس واشتركت فيها
فخور بجهودك وسعيد بالتواصل معك واتطلع للقاك",Reply,Twitter for iPhone,0,3,Riyadh,Arabic,"""1128786330597634050""",محمد المطيري,mhmmdalmutairi,وأن ليس للإنسان الا ما سعى للتواصل 0541170270,Non-Verified,https://twitter.com/mhmmdalmutairi,Non-Protected,14617,94,127,9456,15 May 2019 22:16:47,احمد توني تعرفت الجلسه الحلوه كلوب هاوس واشتركت فخور بجهودك وسعيد بالتواصل معك واتطلع للقاك,positive
"""1356000120165294089""",https://twitter.com/Firas_ALshebl/status/1356000120165294089,31 Jan 2021 22:03:16,@Medhat_Amer وش سالفة تطبيق كلوب هاوس؟,Reply,Twitter for iPhone,0,0,"Unayzah, Kingdom of Saudi Arabia",Arabic,"""433715354""",فراس بن محمد,Firas_ALshebl,أسعى لرسم البسمه ، متذوق لكل ماهو جميل ، شاعر وقت الحاجه!「مهتم بالتقنيه」رابط حساباتي بمواقع التواصل في الأسفل  ↘,Non-Verified,https://twitter.com/Firas_ALshebl,Non-Protected,48536,1400,489,368776,10 Dec 2011 22:52:19,وش سالفه تطبيق كلوب هاوس,positive
"""1355979657875763203""",https://twitter.com/AhmedalfozanFIN/status/1355979657875763203,31 Jan 2021 20:41:57,@rakaneur @chaizerapp يبي لنا نحشر الزعبي في كلوب هاوس بكرا يعطينا خططه للمشروع.,Reply,Twitter for iPhone,0,0,,Arabic,"""1018782024000262144""",Ahmed Alfozan,AhmedalfozanFIN,@Jawlahco,Non-Verified,https://twitter.com/AhmedalfozanFIN,Non-Protected,15097,1699,46,3052,16 Jul 2018 08:58:57,يبي نحشر الزعبي كلوب هاوس بكرا يعطينا خططه للمشروع,positive
"""1355974041237073930""",https://twitter.com/mansourdentist/status/1355974041237073930,31 Jan 2021 20:19:38,ابشركم العينات البيض في تويتر بينقلعون كلوب هاوس ونرتاح منهم.,Tweet,Twitter for iPhone,0,0,"Boston, USA",Arabic,"""4243959313""",منصور,mansourdentist,معتكف في محراب الحرية..،,Non-Verified,https://twitter.com/mansourdentist,Non-Protected,926,1068,9048,7482,15 Nov 2015 08:58:54,ابشركم العينات البيض تويتر بينقلعون كلوب هاوس ونرتاح منهم,negative
"""1355961401907539970""",https://twitter.com/Hanan3omr/status/1355961401907539970,31 Jan 2021 19:29:25,😕كلوب هاوس كانه بالتوك! 😟يالله يا قدمي,Tweet,Twitter for iPhone,0,0,,Arabic,"""606191342""",Hanan AlAmoudi,Hanan3omr,كُلً يرى البدر على حسب هواه :),Non-Verified,https://twitter.com/Hanan3omr,Non-Protected,395,616,4603,20690,12 Jun 2012 09:56:52,كلوب هاوس كانه بالتوك يالله قدمي,positive
"""1355957668205228033""",https://twitter.com/MohdMintakh/status/1355957668205228033,31 Jan 2021 19:14:35,كلوب هاوس اثبت لي ان الناس عندها وقت كثير,Tweet,Twitter for iPhone,0,1,Between Khobar and Riyadh ,Arabic,"""210502157""",Mohammed Almintakh 🇸🇦,MohdMintakh,Cybersecurity N' stuff | Cyber mostly here @SaudiDFIR | Other stuff here (حساب شخصي) #ENFP,Non-Verified,https://twitter.com/MohdMintakh,Non-Protected,3664,1208,132,40681,31 Oct 2010 15:52:06,كلوب هاوس اثبت الناس عندها وقت كثير,negative
"""1355953240152678404""",https://twitter.com/17rzrzA/status/1355953240152678404,31 Jan 2021 18:56:59,تاكا غنى when ever you are  في كلوب هاوس 😭😭 خير واحنا؟؟ نبي نسمع 😭,Tweet,Twitter for iPhone,0,1,1:00💎,Arabic,"""1214359034205233152""",風 ⨟⨟¹⁰⁹⁶⁹🛹,17rzrzA,i love ONEOKROCK and SEVENTEEN who save me in ways that I can’t explain..#nurse #artist #ENFP,Non-Verified,https://twitter.com/17rzrzA,Non-Protected,830,903,32272,23598,07 Jan 2020 01:32:22,تاكا غني ever كلوب هاوس خير واحنا نبي نسمع,positive
"""1355952365745168385""",https://twitter.com/imohdjabar/status/1355952365745168385,31 Jan 2021 18:53:31,"RT @sheneamer: نقلة جديدة لهذه الأحدية العريقة التي تشرفت بحضورها مستمعا أكثر من مرة والآن لأول مره يتم عقدها الآن على تطبيق كلوب هاوس.. ومجال لحضور أكبر. موفق يا دكتور!

تعالوا https://t.co/jk7nM1NeZQ",ReTweet,Tweetbot for iΟS,0,0,"Jeddah, SA",Arabic,"""49069951""",محمد عبدالجبار | ,imohdjabar,"‏Communication Operation Manager @sela. Ex @hype_sa, @mobily.  شغوف بالتكنولوجيا ومهتم بالفنون والادارة والتسويق الرقمي. اتباعد دائما عن كل ماهو مستهلك",Non-Verified,https://twitter.com/imohdjabar,Non-Protected,3488,754,5212,34018,20 Jun 2009 18:03:33,نقله جديده لهذه الاحديه العريقه تشرفت بحضورها مستمعا مره والان لاول مره يتم عقدها تطبيق كلوب هاوس ومجال لحضور اكبر موفق دكتور تعالوا,positive
"""1355939959430115331""",https://twitter.com/YAS3_/status/1355939959430115331,31 Jan 2021 18:04:13,نداء للزملاء القانونيين: ما ودكم نقتحم كلوب هاوس؟,Tweet,Twitter for iPhone,0,0,Riyadh,Arabic,"""287675853""",ياسر العريني,YAS3_,Law | Finance | VCs | LLB @IMSIU_edu_SA ‘10 | MBA @Alfaisaluniv ‘18 | LLM @Stanford ‘20,Non-Verified,https://twitter.com/YAS3_,Non-Protected,2264,626,27,1041,25 Apr 2011 13:26:09,نداء للزملاء القانونيين ودكم نقتحم كلوب هاوس,positive
"""1355934431379394563""",https://twitter.com/n_g_909/status/1355934431379394563,31 Jan 2021 17:42:15,حرااام والله تفوتني جلسات في كلوب هاوس واسمع هذي!! 💔 https://t.co/fHnc3LQaJr,Tweet,Twitter for iPhone,0,0,Riyadh,Arabic,"""579528456""",Nora,n_g_909,أملك رفاهية الانهيار.. لكني لازلت اجاهد!,Non-Verified,https://twitter.com/n_g_909,Non-Protected,316,190,269,944,14 May 2012 01:43:21,حرام والله تفوتني جلسات كلوب هاوس واسمع,positive
"""1355919776267333633""",https://twitter.com/ahssashigh/status/1355919776267333633,31 Jan 2021 16:44:01,@farooi كلوب هاوس,Reply,Twitter for iPhone,0,0,2030,Arabic,"""726422671743918084""",Ahsasshigh,ahssashigh,"‏‏‏‏‏مغامر...  محب للحياة..  أؤمن بالقضاء والقدر خيرة وشره
2030
#android 
#travel ON
زرت 35دوله حول العالم",Non-Verified,https://twitter.com/ahssashigh,Non-Protected,153,2193,9505,12339,30 Apr 2016 14:47:16,كلوب هاوس,positive
"""1355918013053227011""",https://twitter.com/hoti_girl12/status/1355918013053227011,31 Jan 2021 16:37:00,"@my14221422 اتز ء ميكي ماوس كلوب هاوس  كم انسايد از فن انسايد
😭😭😭😭احبهههههه",Reply,Twitter for Android,0,0,ستان لولو,Arabic,"""1279825257143111683""",I'm ur mommy,hoti_girl12,"‏fan lulu💙

‏‏‏‏‏‏‏‏‏‏‏‏‏‏‏‏‏‏‎‎‎‎‎‎‎‎‎‎‎‎‎‎‎#تجريم_البيدوفيليا ‎‎‎‎‎‎‎‎‎‎‎‎‎‎‎#نسويه‎‎‎‎‎‎‎‎‎‎‎‎‎‎‎#feminist ‎‎‎‎‎‎‎‎‎‎‎‎‎‎‎‎‎‎‎#الشريط_الابيض orangetheworld#",Non-Verified,https://twitter.com/hoti_girl12,Non-Protected,3782,4204,21023,13902,05 Jul 2020 17:12:08,اتز ميكي ماوس كلوب هاوس انسايد از فن انسايد احبهههه,positive
"""1355915039119695872""",https://twitter.com/lobaabah_sait/status/1355915039119695872,31 Jan 2021 16:25:11,عندي دعوتين في كلوب هاوس اللي يبغاها يكتبلي تحت التغريدة هادي 👇🏻..,Tweet,Twitter for iPhone,0,0,,Arabic,"""442867702""",لُبابه.,lobaabah_sait,baker 🥯✨ | #uqupharm36 ✨| no time for drama,Non-Verified,https://twitter.com/lobaabah_sait,Non-Protected,624,532,5054,16323,21 Dec 2011 15:15:16,عندي دعوتين كلوب هاوس اللي يبغاها يكتبلي التغريده هادي,negative
"""1355898325782953996""",https://twitter.com/Nora01430/status/1355898325782953996,31 Jan 2021 15:18:46,"سويت روم ب #كلوب_هاوس #Clubhouse  
نتكلم عن الموشن جرافيكس ومستقبله",Tweet,Twitter for iPhone,0,6,غارقة في العمل ,Arabic,"""820603705""",Nora Alamri,Nora01430,Motion graphics | Digital singing | 👩‍💻,Non-Verified,https://twitter.com/Nora01430,Non-Protected,3120,539,1589,6260,13 Sep 2012 00:30:37,سويت روم نتكلم الموشن جرافيكس ومستقبله,negative
"""1355895447420882944""",https://twitter.com/Ziyadksa/status/1355895447420882944,31 Jan 2021 15:07:20,"RT @maram5ar: 🔁بليز ريتويت

كل اللي لازم تعرفه عن تطبيق كلوب هاوس:

١. التطبيق غير مفتوح للعامة ومازال في مرحلة invite-only، بمعنى أن استخدام التطبيق محصور على من تتم دعوته فقط
٢. لاتحتاج إلى دعوة لفتح حساب، يمكنك التسجيل وحجز اسمك الآن لكن لن تتمكن من استخدام التطبيق إلا بدعوة تصلك رسالتها.",ReTweet,Twitter for iPhone,0,0,"Riyadh, KSA",Arabic,"""16055480""",زياد التويجري,Ziyadksa,"Proudly @prorcrt @chaizerapp @hrcomio @allurehub, Passionate about #Business #Headhunting #Start_up #strategy #HR #CIPD #Aviation #values #hospitality #Food",Non-Verified,https://twitter.com/Ziyadksa,Non-Protected,6450,2316,939,7309,30 Aug 2008 15:35:16,بليز ريتويت اللي لازم تعرفه تطبيق كلوب هاوس ١ التطبيق مفتوح للعامه ومازال مرحله inviteonly بمعني استخدام التطبيق محصور تتم دعوته فقط ٢ لاتحتاج دعوه لفتح حساب يمكنك التسجيل وحجز اسمك تتمكن استخدام التطبيق بدعوه تصلك رسالتها,positive
"""1355854895732166658""",https://twitter.com/star_n_galaxy/status/1355854895732166658,31 Jan 2021 12:26:12,أبغى دعوة تدخلني كلوب هاوس مواضيع الغرف تحمس وتستاهل,Tweet,Twitter for iPhone,0,0,KSA,Arabic,"""1185178456981671936""",Sarah,star_n_galaxy,I'm a Star,Non-Verified,https://twitter.com/star_n_galaxy,Non-Protected,75,128,1185,1917,18 Oct 2019 12:59:19,ابغي دعوه تدخلني كلوب هاوس مواضيع الغرف تحمس وتستاهل,positive
"""1355832753623883781""",https://twitter.com/al_zahia/status/1355832753623883781,31 Jan 2021 10:58:13,تطلّع دائماً نحو آفاق جديدة ⬆️ 🎾 مع اقتراب افتتاح الزاهية كلوب هاوس... الوجهة الحصرية لعائلاتنا! #حيّاك_هذا_حيّك #أسعد_اللحظات,Reply,Twitter for iPhone,0,1,Sharjah,Arabic,"""2834784270""",Al Zahia,al_zahia,Community Celebrated at Sharjah’s premier lifestyle destination.#HayyakNeighbour Brought to you by Majid Al Futtaim &amp; Sharjah Asset Management.,Non-Verified,https://twitter.com/al_zahia,Non-Protected,1970,173,5325,3041,28 Sep 2014 08:04:04,تطلّع داءماً افاق جديده اقتراب افتتاح الزاهيه كلوب هاوس الوجهه الحصريه لعاءلاتنا,positive
"""1355814976909414403""",https://twitter.com/C4mrIOLhyOPDId5/status/1355814976909414403,31 Jan 2021 09:47:34,"RT @amnaymag: كلوب هاوس Clubhouse الشبكة الإجتماعية الصوتية الصاعدة
رابط القراءة: https://t.co/okR2kY1JOH

مع انتشار الشبكات الإجتماعية التي تعتمد على المحتوى المرئي، ظهرت منصة اجتماعية مختلفة من حيث المبدأ وهي كلوب هاوس Clubhouse التي تعتمد على المحتوى الصوتي.",ReTweet,Twitter for Android,0,0,سلطنة عمان صلاله,Arabic,"""1265069246964432896""",ملياردير العرب,C4mrIOLhyOPDId5,‏رجل وسيم جدا ورجل بمعنى الكلمه وغريب الأطوار وهداف مرعب بكرةالقدم وشاعرمرموق ومتعددالمواهب ومثقف بمختلف الثقافات العربيه والعالميه واعشق السفر بكل دول العالم,Non-Verified,https://twitter.com/C4mrIOLhyOPDId5,Non-Protected,232,5000,4016,8410,25 May 2020 23:58:10,كلوب هاوس clubhouse الشبكه الاجتماعيه الصوتيه الصاعده رابط القراءه انتشار الشبكات الاجتماعيه تعتمد المحتوي المرءي ظهرت منصه اجتماعيه مختلفه المبدا وهي كلوب هاوس clubhouse تعتمد المحتوي الصوتي,positive
"""1355654213649510402""",https://twitter.com/Jawaher_Khaled/status/1355654213649510402,30 Jan 2021 23:08:46,وحده من فوائد كلوب هاوس اللاواعية أنه يطمنك على وضع نومك,Tweet,Twitter for iPhone,0,1,"Dhahran/Riyadh, Saudi Arabia",Arabic,"""272473591""",Jawaher Kh. Al-Yahya,Jawaher_Khaled,أؤمن أن الحياة ٢٤ قيراط *.. و أن الآمال لا تقتصر على هذه الحياة الدنيا فقط. مهتمة بريادة الأعمال بالوراثة لجينات&quot;العقيلات&quot; و بالممارسة بعالم التجارة الإلكترونية,Non-Verified,https://twitter.com/Jawaher_Khaled,Non-Protected,1025,1158,8491,22554,26 Mar 2011 15:49:41,وحده فواءد كلوب هاوس اللاواعيه يطمنك وضع نومك,positive
"""1355615061923024898""",https://twitter.com/Ahmed70579906/status/1355615061923024898,30 Jan 2021 20:33:11,"RT @Medhat_Amer: عندما اطلق تطبيق سناب شات .عرفنا عن ظهوره واشتهر عن طريق تويتر 

ووصلنا الى مقاطع تيك توك  ،  عن طريق تويتر.    

سيجنال بديل جيد لواتساب ..الفضل لتويتر 

والآن كلوب هاوس ... سينتشر ويشتهر عن طريق تويتر!

هل تويتر هو جسر العبور الافضل للشبكات الاجتماعية ؟ 
وربما دليل على صموده؟",ReTweet,Twitter for Android,0,0,,Arabic,"""1311799269775552516""",AM,Ahmed70579906,‏‏‏‏مهتم تقني ❤️,Non-Verified,https://twitter.com/Ahmed70579906,Non-Protected,17,212,1232,1706,01 Oct 2020 22:45:06,عندما اطلق تطبيق سناب شات عرفنا ظهوره واشتهر طريق تويتر ووصلنا مقاطع تيك توك طريق تويتر سيجنال بديل جيد لواتساب الفضل لتويتر والان كلوب هاوس سينتشر ويشتهر طريق تويتر تويتر جسر العبور الافضل للشبكات الاجتماعيه وربما دليل صموده,negative
"""1355597649475497998""",https://twitter.com/M_AlAttas8/status/1355597649475497998,30 Jan 2021 19:24:00,"من يقدر يرسل لي دعوة في تطبيق كلوب هاوس✌️😍.

#Clubhouse #clubhouseinvite",Tweet,Twitter for Android,0,2,Jeddah,Arabic,"""363916925""",|PR| محمد العطاس,M_AlAttas8,‏‏‏‏‏‏‏‏‏‏‏‏‏‏‏‏‏‏‏‏‏‏متخصص في ‎‎‎‎‎‎‎‎‎‎‎‎‎‎‎‎‎‎#العلاقات_العامة •صانع محتوى في تخصصي وأحب أجرب الأدوات التقنية😎، مؤمن بحديثه ﷺ:((خيرُ الناس أنفعهم للناس)).,Non-Verified,https://twitter.com/M_AlAttas8,Non-Protected,731,377,4933,9718,28 Aug 2011 22:26:39,يقدر يرسل دعوه تطبيق كلوب هاوس,positive
"""1355566257525977088""",https://twitter.com/010011100100100/status/1355566257525977088,30 Jan 2021 17:19:15,@maram5ar انا اليوم سجلت في برنامج ( انتظر رد الشركة) كلوب هاوس وللامانة لاول مره اسمع عنه. ومتشوق لتجربته وخاصة الاستفادة من محاور النقاش.   نعم اقبل بهذا الشرط,Reply,Twitter for iPhone,0,0,,Arabic,"""2777932806""",Ahmed - 🇦🇪,1.00111E+13,متجول باحث عن الحقيقة,Non-Verified,https://twitter.com/010011100100100,Non-Protected,6,96,371,500,29 Aug 2014 07:09:22,اليوم سجلت برنامج انتظر رد الشركه كلوب هاوس وللامانه لاول مره اسمع عنه ومتشوق لتجربته وخاصه الاستفاده محاور النقاش بهذا الشرط,positive
"""1355504043540553729""",https://twitter.com/Bandar_alhamdan/status/1355504043540553729,30 Jan 2021 13:12:02,"#النصر_الهلال_السوبر_lلسعودي
لمستخدمي تطبيق كلوب هاوس.. دعوة لحضور و نقاش مباراة السوبر بين الهلال و النصر 

مع الصحافي عبدالمحسن القباني

https://t.co/VfegSKQAxL",Tweet,Twitter for Android,0,0,"Riyadh, Kingdom of Saudi Arabia",Arabic,"""328236530""",بندر الحمدان 🇸🇦,Bandar_alhamdan,"‏‏‏‏‏‏‏إعلامي سعودي ..  مُعد ومقدم برنامج ‎‎‎‎‎‎‎‎#حكايا_كروية .. رابط القناة: 
https://www.youtube.com/channel/UCN0H3Fh0YuQV_zXEmwflxSw‎",Non-Verified,https://twitter.com/Bandar_alhamdan,Non-Protected,8206,548,2994,15249,03 Jul 2011 00:33:31,لمستخدمي تطبيق كلوب هاوس دعوه لحضور نقاش مباراه السوبر الهلال النصر الصحافي عبدالمحسن القباني,positive
"""1355490141956091906""",https://twitter.com/Joodbutterfly/status/1355490141956091906,30 Jan 2021 12:16:48,"RT @nawafalfaleh: لمستخدمي تطبيق كلوب هاوس.. دعوة لحضور و نقاش مباراة 
#الهلال_النصر_السوبر_lلسعودي 
#الهلال_النصر_كاس_lلسوبر 
#كأس_بيرين_للسوبر_السعودي 
#الهلال 
#النصر 

مع الصحافي عبدالمحسن القباني

https://t.co/wbrwjeOWIv

https://t.co/wbrwjeOWIv",ReTweet,Twitter for Android,0,0,,Arabic,"""1178957048719052800""",جود الغامدي 💙 Joodalghamdi,Joodbutterfly,"‏‏‏‏‏‏‏‏‏‏‏‏‏‏‏‏‏‏‏‏‏‏‏‏‏‏كالحياة ارافق الجميع ولا اتمسك بأحد
    (فراشة زرقاء على غصن اخضر)
 ( الخاص مهمل ) الحظر لفقراء الأدب",Non-Verified,https://twitter.com/Joodbutterfly,Non-Protected,13620,14056,120879,57968,01 Oct 2019 08:57:39,لمستخدمي تطبيق كلوب هاوس دعوه لحضور نقاش مباراه الصحافي عبدالمحسن القباني,positive
"""1355469190816292865""",https://twitter.com/Ibeero77/status/1355469190816292865,30 Jan 2021 10:53:33,"RT @MamdoohRadadi: اتوقع تويتر راح تعمل خاصية غرف الحديث عشان تنافس كلوب هاوس... واضح انه راح يسحب البساط من اغلبية الساحات الاجتماعية.

هذا والتطبيق لسه في مراحل البيتا.
#clubhouse 
للرد على طلبات الاضافة: هي تجي بالتدريج للشخص حسب المشاركة والتفاعل. محد عنده كمية مفتوحة من الدعوات.",ReTweet,Twitter for iPhone,0,0,"مكة المكرمة, المملكة العربية السعودية",Arabic,"""477397635""",✪ Abeer🥰♎️,Ibeero77,إحترامي للناس لايعني أني بحاجه إليهم مجرد مبدأ تعلمته من تربيتي. / أنا اتربيت على جبر الخواطر، حتى لو كان اللي قدامي مايستاهل🌹اي اعلان او دعم مقابل مبلغ رمزي🌹,Non-Verified,https://twitter.com/Ibeero77,Non-Protected,6393,357,63221,81737,29 Jan 2012 04:39:45,اتوقع تويتر تعمل خاصيه غرف الحديث عشان تنافس كلوب هاوس واضح يسحب البساط اغلبيه الساحات الاجتماعيه والتطبيق لسه مراحل البيتا للرد طلبات الاضافه تجي بالتدريج للشخص المشاركه والتفاعل محد عنده كميه مفتوحه الدعوات,positive
"""1355450950803185667""",https://twitter.com/YALHARBY/status/1355450950803185667,30 Jan 2021 09:41:04,RT @maram5ar: الآن النقاش في كلوب هاوس👋 @joinClubhouse مع متعب القني @malobeiwi الاستاذ نبيل كوشك @nkoshak وسعود الهواوي @saud264 عن الحلول الموجودة لقلة المؤسسين. https://t.co/kvtMopAX6W,ReTweet,Twitter for iPhone,0,0,Riyadh & Globe ,Arabic,"""183685395""",YOUSIF ALHARBY,YALHARBY,عضو لجنة الفرانشايز والتسويق في غرفة الرياض.                       Founder &amp; CEO of             @FranchiseArtCo,Non-Verified,https://twitter.com/YALHARBY,Non-Protected,9290,670,5940,15667,27 Aug 2010 16:51:26,النقاش كلوب هاوس متعب القني الاستاذ نبيل كوشك وسعود الهواوي الحلول الموجوده لقله المءسسين,positive
"""1355443618379661312""",https://twitter.com/SehamV/status/1355443618379661312,30 Jan 2021 09:11:56,جلسة عظيمة الان مع ناڤال على كلوب هاوس,Tweet,Twitter for iPhone,0,1,Riyadh,Arabic,"""472203316""",سهام المبارك,SehamV,صديقة ماأجهل | اللهم حقِّق في سهام غايتك!,Non-Verified,https://twitter.com/SehamV,Non-Protected,287,1177,65,838,23 Jan 2012 18:15:53,جلسه عظيمه ناڤال كلوب هاوس,positive
"""1355438608312905729""",https://twitter.com/m3najjar/status/1355438608312905729,30 Jan 2021 08:52:01,"@MohdMintakh ما فهمت !!
ايش هذا كلوب هاوس ؟!",Reply,Twitter for iPhone,0,0,Dhahran,Arabic,"""432508290""",Mohammad Najjar👷🏽 محمد نجار,m3najjar,,Non-Verified,https://twitter.com/m3najjar,Non-Protected,181,407,1563,7278,09 Dec 2011 13:33:15,فهمت ايش كلوب هاوس,positive
"""1355286541631938565""",https://twitter.com/Amlak_Abdulaziz/status/1355286541631938565,29 Jan 2021 22:47:46,@maram5ar @dromaribr @alfarhan كيف الطريق إلى كلوب هاوس، دلني ..,Reply,Twitter for iPhone,0,0,,Arabic,"""322899949""",أملاك عبدالعزيز,Amlak_Abdulaziz,خارج العالم.,Non-Verified,https://twitter.com/Amlak_Abdulaziz,Non-Protected,11170,1972,10092,4965,23 Jun 2011 22:52:31,الطريق كلوب هاوس دلني,positive
"""1355240591022501894""",https://twitter.com/alfadhli007/status/1355240591022501894,29 Jan 2021 19:45:10,RT @Ibrsin: اليوم رحالة مشهور في كلوب هاوس يحكي قصة كرم أهالي إحدى المناطق في المملكة ويعقب عليها بأن ما فعلوه هذا رغم أنهم يعرفون أنه لن يوزع عليهم فلوس. والأغرب أن بعض الحضور يرون قصته هذه تستحق أن تدون وتسجل وتتحول لكتاب وتسوق وتباع.,ReTweet,Twitter for Android,0,0,Riyadh,Arabic,"""2405455535""",Dr. Khalifah Alfadhli,alfadhli007,"‏‏‏‏‏‏‏‏‏‏‏Social psychology, crowds &amp; photography

‏‏علم نفس اجتماعي وحشود وتصوير


(الحكم على الناس سهل، الصعب هو فهمهم)",Non-Verified,https://twitter.com/alfadhli007,Non-Protected,2247,1477,6166,6640,12 Mar 2014 18:17:37,اليوم رحاله مشهور كلوب هاوس يحكي قصه كرم اهالي المناطق المملكه ويعقب عليها بان فعلوه رغم انهم يعرفون يوزع عليهم فلوس والاغرب الحضور يرون قصته تستحق تدون وتسجل وتتحول لكتاب وتسوق وتباع,positive
"""1355202568067174400""",https://twitter.com/badrsfouk/status/1355202568067174400,29 Jan 2021 17:14:05,@Ibrsin كلوب هاوس تقرب لكلوب ساندويتش ؟,Reply,Twitter for iPhone,0,0,,Arabic,"""256447757""",بـدر صـفـوق,badrsfouk,يرجو رحمة ربه تعالى,Non-Verified,https://twitter.com/badrsfouk,Non-Protected,179135,400,2,120868,23 Feb 2011 10:27:35,كلوب هاوس تقرب لكلوب ساندويتش,positive
"""1355201578970570757""",https://twitter.com/Ibrsin/status/1355201578970570757,29 Jan 2021 17:10:09,كلوب هاوس كل غرفة تدخلها تسولف سواليف عادية يتحول بزنس 😂,Tweet,Twitter for iPhone,0,3,المملكة العربية السعودية,Arabic,"""244237892""",إبراهيم آل سنان,Ibrsin,"StoryTeller, Publisher, Dreamer, Doer ibraheems@hotmail.com",Non-Verified,https://twitter.com/Ibrsin,Non-Protected,17592,797,23,7825,28 Jan 2011 21:19:32,كلوب هاوس غرفه تدخلها تسولف سواليف عاديه يتحول بزنس,positive
"""1355054707895644160""",https://twitter.com/UgaasMohamuud/status/1355054707895644160,29 Jan 2021 07:26:32,"RT @mdarrab: الجيل الثالث من المنتديات : كلوب هاوس.

حينما تتحوّل نشرتك البريدية المفضلة إلى ديوانية تفاعلية بدون أي تكلف وبفائدة عميقة.
شكرًا
@Jareed_Reports https://t.co/dIPIe8ArEa",ReTweet,Twitter for iPhone,0,0,,Arabic,"""840161642""",UMohamuud,UgaasMohamuud,,Non-Verified,https://twitter.com/UgaasMohamuud,Non-Protected,261,5002,17107,3214,22 Sep 2012 17:45:45,الجيل الثالث المنتديات كلوب هاوس حينما تتحوّل نشرتك البريديه المفضله ديوانيه تفاعليه بدون تكلف وبفاءده عميقه شكرًا,positive
"""1354938886007509005""",https://twitter.com/SafarAyad/status/1354938886007509005,28 Jan 2021 23:46:18,"هل سيتم إعادة نفس القصة مع تطبيق @joinClubhouse ستدخل تويتر بخدمتها الصوتية ثم تتبعها فيسبوك ... وتنتهي القصة الوردية لـ ""كلوب هاوس""؟ https://t.co/al6b9yiIQL",Tweet,Twitter for iPhone,0,2,Saudi,Arabic,"""124894578""",سفـــر عيـّـاد,SafarAyad,أعمل في @Hsoub لتطوير العالم العربي | مدوَّن @arblogging |مهتم بالاقتصاد والتقنية | الحياة قصيرة استمتع |,Verified,https://twitter.com/SafarAyad,Non-Protected,19110,854,1694,13989,20 Mar 2010 23:44:20,سيتم اعاده القصه تطبيق ستدخل تويتر بخدمتها الصوتيه تتبعها فيسبوك وتنتهي القصه الورديه كلوب هاوس,positive
"""1354695581550129157""",https://twitter.com/R7eam/status/1354695581550129157,28 Jan 2021 07:39:30,@Abdulmalk_O لا عندهم فطور توست مدري كلوب هاوس مع دونات الظاهر .. شي كذه,Reply,Twitter for iPhone,0,0,,Arabic,"""958695885445173248""",®️,R7eam,حساب شخصي شوي,Non-Verified,https://twitter.com/R7eam,Non-Protected,1055,197,6819,28498,31 Jan 2018 13:38:05,عندهم فطور توست مدري كلوب هاوس دونات الظاهر شي كذه,positive
"""1354533989525172224""",https://twitter.com/AhmedalfozanFIN/status/1354533989525172224,27 Jan 2021 20:57:23,@MUSAB__FUAD يصلح اقوله في كلوب هاوس,Reply,Twitter for iPhone,0,1,,Arabic,"""1018782024000262144""",Ahmed Alfozan,AhmedalfozanFIN,@Jawlahco,Non-Verified,https://twitter.com/AhmedalfozanFIN,Non-Protected,15097,1699,46,3052,16 Jul 2018 08:58:57,يصلح اقوله كلوب هاوس,positive
"""1354130154407272451""",https://twitter.com/mohdmutairi_kwt/status/1354130154407272451,26 Jan 2021 18:12:41,"RT @euronewsar: أُطلقت المرحلة الاختبارية لشبكة ""كلوب هاوس"" في آذار/مارس الفائت بشكل سري، بنسخة تجريبية. وبلغ عدد المشاركين في المؤتمر الصوتي الحي ومنصة المحادثة في أيار/مايو الفائت نحو 1500 مستخدم في ظل تدابير احتواء جائحة كوفيد-19. وقدّر رأسمال المنصة حينها بنحو 100 ... https://t.co/XaDuMdPDK2",ReTweet,Twitter for iPhone,0,0,Kuwait,Arabic,"""708118851""",م. محمد غازي المطيري,mohdmutairi_kwt,تَقَدُّمُ الأُمَّةِ وَاِزْدِهَارُهَا بِأَمَانَةٍ أَبْنَاءَهَا - الرئيس التنفيذي السابق للبترول الوطنية الكويتية,Non-Verified,https://twitter.com/mohdmutairi_kwt,Non-Protected,17771,244,967,27506,10 Oct 2013 18:30:10,اُطلقت المرحله الاختباريه لشبكه كلوب هاوس اذارمارس الفاءت بشكل سري بنسخه تجريبيه وبلغ عدد المشاركين المءتمر الصوتي الحي ومنصه المحادثه ايارمايو الفاءت 1500 مستخدم ظل تدابير احتواء جاءحه كوفيد19 وقدّر راسمال المنصه حينها بنحو 100,positive
"""1354124442885103616""",https://twitter.com/alaraby_ar/status/1354124442885103616,26 Jan 2021 17:50:00,"شبكة ""كلوب هاوس"" الاجتماعية الصوتية التي يزداد عدد مستخدميها بمعدل مليونين أسبوعياً تُعلن تعزيز حضورها، من خلال زيادة في رأسمالها 

الرابط البديل: https://t.co/pcELqt14l3

https://t.co/OzTaLNdiEL",Tweet,TweetDeck,0,12,,Arabic,"""2399311781""",العربي الجديد,alaraby_ar,أهم الأخبار العربية والعالمية، تحليلات وتحقيقات صحافية ومقالات,Verified,https://twitter.com/alaraby_ar,Non-Protected,1359510,149,108,589696,10 Mar 2014 11:35:38,شبكه كلوب هاوس الاجتماعيه الصوتيه يزداد عدد مستخدميها بمعدل مليونين اسبوعياً تُعلن تعزيز حضورها خلال زياده راسمالها الرابط البديل,positive
"""1354093012402495488""",https://twitter.com/MeoNews/status/1354093012402495488,26 Jan 2021 15:45:06,"بعد اقتصارها في مرحلة تجريبية على مشاهير في الفن والإعلام ونجوم بعض المهن الأخرى
#كلوب_هاوس https://t.co/ajhDayzokz",Tweet,Echobox,0,0,"London, United Kingdom",Arabic,"""303255263""",Middle East Online,MeoNews,Bringing the latest Middle Eastern news to your feed.,Non-Verified,https://twitter.com/MeoNews,Non-Protected,50768,13,30,165392,22 May 2011 15:13:00,اقتصارها مرحله تجريبيه مشاهير الفن والاعلام ونجوم المهن الاخري,positive
"""1354092306882822149""",https://twitter.com/FranchevalAR/status/1354092306882822149,26 Jan 2021 15:42:18,"شبكة ""كلوب هاوس"" الاجتماعية السرية تنفتح على الجمهور العريض https://t.co/ZDs8impqOn",Tweet,Twitter Web App,0,0,France,Arabic,"""1309388319449591808""",Francheval,FranchevalAR,الحساب الرسمي لفرانشيفال ، يمكنكم متابعة الأحداث و النشاطات الدولية عبر موقع فرانشيفال.,Non-Verified,https://twitter.com/FranchevalAR,Non-Protected,62,21,0,4915,25 Sep 2020 07:04:46,شبكه كلوب هاوس الاجتماعيه السريه تنفتح الجمهور العريض,positive
"""1354077567767113728""",https://twitter.com/arab48website/status/1354077567767113728,26 Jan 2021 14:43:44,"مليونا مستخدم أسبوعيا لمنصة ""كلوب هاوس"" الاجتماعية  https://t.co/5rTAQRM4Wj",Tweet,عرب 48,0,0,حيفا,Arabic,"""3241500878""",موقع عرب 48,arab48website,‏حساب موقع عرب ٤٨ | http://arab48.com‎,Non-Verified,https://twitter.com/arab48website,Non-Protected,5953,14,30,81879,10 Jun 2015 15:55:43,مليونا مستخدم اسبوعيا لمنصه كلوب هاوس الاجتماعيه,positive
"""1353782222919184384""",https://twitter.com/MuathChelsea/status/1353782222919184384,25 Jan 2021 19:10:08,"RT @asmesfer: تويتر لهم شهر شغالين بيتا تستنق ميزة منافسة ل كلوب هاوس @TwitterSpaces 
النشرة فصلت مميزات سبيسز في مقال مميز من @chriscantino 
 
https://t.co/Hl7my5IuPB",ReTweet,Twitter for iPad,0,0,الدمام,Arabic,"""389621708""",معاذ ،،,MuathChelsea,"هناك يقف الأمل بين الركام ,,",Non-Verified,https://twitter.com/MuathChelsea,Non-Protected,2324,662,4172,83730,12 Oct 2011 18:42:14,تويتر شهر شغالين بيتا تستنق ميزه منافسه كلوب هاوس النشره فصلت مميزات سبيسز مقال مميز,positive
"""1353782147497283587""",https://twitter.com/MuathChelsea/status/1353782147497283587,25 Jan 2021 19:09:50,@asmesfer فكرة كلوب هاوس عاجبتني بس ما رحت هناك لأن ما حولك أحد ، فياليت يجيبون الخاصية لتويتر .,Reply,Twitter for iPad,0,0,الدمام,Arabic,"""389621708""",معاذ ،،,MuathChelsea,"هناك يقف الأمل بين الركام ,,",Non-Verified,https://twitter.com/MuathChelsea,Non-Protected,2324,662,4172,83730,12 Oct 2011 18:42:14,فكره كلوب هاوس عاجبتني رحت لان حولك فياليت يجيبون الخاصيه لتويتر,positive
"""1353778963143864322""",https://twitter.com/M7md_L_N/status/1353778963143864322,25 Jan 2021 18:57:11,RT @Osama11: تطبيق (كلوب هاوس) سيطلق نسخة لنظام اندرويد قريباً ، حاليا بنظام الدعوات لنظام iOS التطبيق عبارة عن غرف محادثة صوتية Clubhouse https://t.co/YyRNlzfyhi,ReTweet,Twitter for Android,0,0, إذا مررت هنا استغفر,Arabic,"""1175154834468679683""",M7md Leaks &amp; News,M7md_L_N,‏‏‏‏‏‏‏حساب خاص بنقل أخبار الألعاب والاجهزه والتطبيقات | حسابي الثاني المختص بالانمي 👈‎‎‎‎‎‎‎‎‎‎‎‎‎(‎‎‎‎‎‎‎‎‎‎‎‎‎‎‎‎@eroimd ) ‎,Non-Verified,https://twitter.com/M7md_L_N,Non-Protected,2973,128,6912,6820,20 Sep 2019 21:08:58,تطبيق كلوب هاوس سيطلق نسخه لنظام اندرويد قريباً حاليا بنظام الدعوات لنظام ios التطبيق عباره غرف محادثه صوتيه clubhouse,positive
"""1353673434451083270""",https://twitter.com/al_zahia/status/1353673434451083270,25 Jan 2021 11:57:51,رفاهية المنتجعات الراقية على عتبة منزلك، مع العديد من خيارات الترفيه والمرح لجميع أفراد العائلة... قريباً في الزاهية كلوب هاوس. #حيّاك_هذا_حيّك #أسعد_اللحظات,Reply,Twitter for iPhone,0,1,Sharjah,Arabic,"""2834784270""",Al Zahia,al_zahia,Community Celebrated at Sharjah’s premier lifestyle destination.#HayyakNeighbour Brought to you by Majid Al Futtaim &amp; Sharjah Asset Management.,Non-Verified,https://twitter.com/al_zahia,Non-Protected,1970,173,5325,3041,28 Sep 2014 08:04:04,رفاهيه المنتجعات الراقيه عتبه منزلك العديد خيارات الترفيه والمرح لجميع افراد العاءله قريباً الزاهيه كلوب هاوس,positive
"""1353667648266108930""",https://twitter.com/alqarar_sa/status/1353667648266108930,25 Jan 2021 11:34:51,"RT @alqarar_sa: #إنفوجرافيك | 

بين المُميزات والتحديات..
ماذا تعرف عن تطبيق #كلوب_هاوس الصوتي؟

قراءة في الأبعاد والتداعيات في الرابط أدناه👇🏻:

https://t.co/5DdGMs0gdJ
#نخطو_بقرارك https://t.co/cmyGdciXkv",ReTweet,Twitter for iPhone,0,0,المملكة العربية السعودية,Arabic,"""4744876694""",القرار,alqarar_sa,الإعلام التفاعلي.. ميداننا.. البيانات.. حقول دراساتنا.. الرصد والتحليل والقياس.. أدواتنا.. لاستشراف المستقبل.. #نخطو_بقرارك - info@alqarar.sa,Non-Verified,https://twitter.com/alqarar_sa,Non-Protected,17919,178,500,1754,11 Jan 2016 20:37:54,المُميزات والتحديات تعرف تطبيق الصوتي قراءه الابعاد والتداعيات الرابط ادناه,positive
"""1353118195939504128""",https://twitter.com/ARABJAYPARK/status/1353118195939504128,23 Jan 2021 23:11:32,"س:يجب أن تحمل كلوب هاوس

""كلوب هاوس هو تطبيق تواصل اجتماعي للدردشة الصوتية""

على ماذا؟ لول أنا فقط أرى مقالات عن الأشخاص الذين يدخلون بنقاشات ويصرخون على بعض في هذا الهراء هاها https://t.co/pWnTdUv65p",Reply,Twitter for iPhone,0,3,,Arabic,"""1319012573413597185""",ARAB JWalkerz,ARABJAYPARK,The newest arabic account for Jay Park updates,Non-Verified,https://twitter.com/ARABJAYPARK,Non-Protected,722,26,42,632,21 Oct 2020 20:28:15,سيجب تحمل كلوب هاوس كلوب هاوس تطبيق تواصل اجتماعي للدردشه الصوتيه لول فقط مقالات الاشخاص يدخلون بنقاشات ويصرخون الهراء هاها,positive
"""1352563239364812800""",https://twitter.com/flat_villa/status/1352563239364812800,22 Jan 2021 10:26:20,تعرف على المزيد عن مشروع كلوب هاوس الغردقة بأفضل الأسعار في 2021 – لا تت... https://t.co/gSrZOtUdFu https://t.co/iEYKqdR2eb,Tweet,OnlyWire App,0,0,,Arabic,"""1320060618632814598""",Flat and Villa,flat_villa,Flat and Villa is #1 Real Estate Agency in the Arab World,Non-Verified,https://twitter.com/flat_villa,Non-Protected,557,0,1,27,24 Oct 2020 17:52:56,تعرف المزيد مشروع كلوب هاوس الغردقه بافضل الاسعار 2021 تت,positive
"""1349350404212084737""",https://twitter.com/x7mod_96/status/1349350404212084737,13 Jan 2021 13:39:40,@S_H1i كلوب هاوس لذييييذ بس 😊,Reply,Twitter for iPhone,0,0,Jubail Industrial City,Arabic,"""888218983673069569""",Ahmed.sh,x7mod_96,&quot;ربما يُساق إليك قدرٌ من الله ، خيرٌ من كُل أحلامك&quot;,Non-Verified,https://twitter.com/x7mod_96,Non-Protected,6,57,487,219,21 Jul 2017 02:08:02,كلوب هاوس لذييذ,positive
"""1349323537593597953""",https://twitter.com/Shady_A_Yousef/status/1349323537593597953,13 Jan 2021 11:52:55,@maha_mahame كلوب هاوس في نادي سبورتنج إسكندرية,Reply,Twitter for Android,0,1,Egypt: Cairo/Alexandria,Arabic,"""470294539""",Shady_A_Yousef,Shady_A_Yousef,"Living without expectations,,,,                                    
Living with no regret.",Non-Verified,https://twitter.com/Shady_A_Yousef,Non-Protected,204,357,6868,12921,21 Jan 2012 16:16:55,كلوب هاوس نادي سبورتنج اسكندريه,positive
"""1348942954317176832""",https://twitter.com/7capitals2/status/1348942954317176832,12 Jan 2021 10:40:37,"فى أتيكا ستستمتع ببحيرات، حمامات سباحة، حدائق مسار الجرى و كلوب هاوس. كل هذا سيجعلك تشعر كأنك فى منتجع ولكن فى العاصمة الإدارية. أحجز وحدتك الآن 
اتصل بنا على 01033680463

#7capitals 
#Atika 
#RealEstate https://t.co/yoW4iNdd6I",Tweet,Twitter for Android,0,0,"59 El Merghany Street, Cairo, ",Arabic,"""1279799772115873792""",7capitals,7capitals2,7 Capitals is a real estate agency brokerage. We are devoted to delivering you the best units with the perfect prices to meet your expectations.,Non-Verified,https://twitter.com/7capitals2,Non-Protected,22,111,26,235,05 Jul 2020 15:31:14,اتيكا ستستمتع ببحيرات حمامات سباحه حداءق مسار الجري كلوب هاوس سيجعلك تشعر كانك منتجع العاصمه الاداريه احجز وحدتك اتصل 01033680463,positive
"""1348309522557915142""",https://twitter.com/ParadiseDeviI/status/1348309522557915142,10 Jan 2021 16:43:35,@PostyRoad @NFLArabia اندددد وان ليبرون وتشتغل اغنيه ميكي ماوس كلوب هاوس بين التايم اوت,Reply,Twitter for Android,0,0,,Arabic,"""1267197962817601542""",Yubel #BR2,ParadiseDeviI,"i couldn't be sure, i had a feeling so peculiar this pain wouldn't be for evermore",Non-Verified,https://twitter.com/ParadiseDeviI,Non-Protected,79,70,176,12580,31 May 2020 20:55:27,اندد ليبرون وتشتغل اغنيه ميكي ماوس كلوب هاوس التايم,positive
"""1347856215645237248""",https://twitter.com/3shmshm/status/1347856215645237248,09 Jan 2021 10:42:18,"RT @ehab: (كلوب هاوس) شبكة التواصل الاجتماعي العالمية القادمة بسرعة الضوء 

Clubhouse: Drop-in audio chat by Alpha Exploration Co. https://t.co/eQq8v3gaNc https://t.co/wAsd4X5Mb0",ReTweet,Twitter for Android,0,0,,,"""583044455""",عزيز,3shmshm,"#juve Ogni anno ti celebro, ogni marchisiocla8 giorno ti porto nel cuore leri. Oggi. Per sempre... In ogni parte del mondo
‏‏‏‏‎‎والقلوب مدربة وصل وقطاعة",Non-Verified,https://twitter.com/3shmshm,Non-Protected,521,523,9291,91171,17 May 2012 19:06:21,كلوب هاوس شبكه التواصل الاجتماعي العالميه القادمه بسرعه الضوء clubhouse dropin audio chat alpha exploration co,positive
"""1346026627969523714""",https://twitter.com/al_zahia/status/1346026627969523714,04 Jan 2021 09:32:10,"احتفل بروح المُجمع واستمتع بتجربة طعام مميزة تناسب جميع الأذواق! قريباً في الزاهية كلوب هاوس. #حيّاك_هذا_حيّك  
#أسعد_اللحظات",Reply,Twitter for iPhone,0,1,Sharjah,Arabic,"""2834784270""",Al Zahia,al_zahia,Community Celebrated at Sharjah’s premier lifestyle destination.#HayyakNeighbour Brought to you by Majid Al Futtaim &amp; Sharjah Asset Management.,Non-Verified,https://twitter.com/al_zahia,Non-Protected,1970,173,5325,3041,28 Sep 2014 08:04:04,احتفل بروح المُجمع واستمتع بتجربه طعام مميزه تناسب الاذواق قريباً الزاهيه كلوب هاوس,positive
